,beta_12m,beta_1m
1,0.8039014714132404,1.1771037938465578
2,0.9540533854712879,0.8661136872697164
5,1.0478369595976604,0.9804917507751244
6,1.2407141577604603,0.6956224959497807
7,0.7846574610352002,0.7367764831857598
8,0.7710900786159071,-0.0750415671614244
9,1.1993022562522808,1.6064349865279317
10,0.8009926211017918,0.441720002986878
11,0.8258513108954092,1.9708590752003916
12,1.2745282754143172,1.6186707838386398
14,1.0453934931977584,1.659765954879406
16,0.9592715939857892,1.2240397178288909
18,0.6561770001398829,0.6198164864734477
19,1.1008813880088035,0.8924541273508281
20,0.9832859785802908,2.119936428682357
21,1.045176002358843,1.0616460791832805
22,0.9731256133844332,1.3530715390377182
23,0.9315835587201816,0.6073535205481018
24,1.0917143020264135,1.6417798201370144
25,1.0180562410937797,1.1775392034025398
26,0.9948586428351236,1.3166107725676897
27,0.908182944736218,0.7744264281843085
28,0.5263696647948118,0.8001933663134478
29,1.044985193981434,1.3441829130069347
30,0.7421582404871307,1.2926644211065428
31,1.2002802112116897,1.0971144880055537
32,1.1279750175717802,1.083512059696563
33,0.938444350541891,1.0200983743042884
35,0.7647020624090627,1.1722060587928664
36,0.8752148864020171,1.461471090258178
37,0.9235723488324802,1.9496272495144704
39,1.1797199620614431,1.2035269715415058
40,0.9160814258065564,1.3121424642716324
42,1.2434464642478358,1.5145230180603757
43,1.1592806557463151,1.7785300175054533
45,1.0246060794904357,2.004452045551949
46,1.2479597221465148,1.0148674825136652
48,0.8461476505328088,0.5846909088822371
49,1.1869218036142792,1.250995967080168
50,1.271750267300992,2.669908518167261
55,1.170752894863656,1.3888431050344014
56,0.9559150773040708,0.53280505095261
58,0.9571400876270292,1.2186023227748946
59,1.1107374465851518,0.2673341235389317
60,1.43278905937536,1.3610242116087856
61,1.0306955637075714,1.1929827737226948
62,1.1563766646275488,0.7304973934533417
63,0.6256797785683268,1.1034142173137418
65,0.972303822431232,0.5851058857529251
66,0.92725812321596,0.9041054424818692
68,0.8243653330610305,0.6607534351768273
69,1.0815855518765265,1.161936247606432
70,1.1208359721689365,1.3012311261383722
78,0.7206397755651041,1.326056633826068
88,1.0169428091276886,0.9271917697100628
89,0.8129961715150309,0.7383900475331939
90,1.0446167771297616,1.2848839876670188
96,0.9802805751618092,0.9331997377221798
99,1.0152220106795702,1.4665046038788254
100,0.9491656270328296,0.5633253239186451
150,1.1247045340319457,
151,1.1449459543504847,-1.6949463154323632
153,1.018226091585473,0.3794000734931622
155,1.1217309198361998,1.147079449106036
157,1.0947100459701522,1.6364052308833057
158,1.0863340915879127,0.9259860885126724
159,1.4011519023369483,0.5753850651839924
301,1.1107394534423527,0.8682228739083029
338,0.8800353631882161,2.0615285756061827
400,0.8154599301822212,0.9638699909888884
401,1.0203773244009302,0.7010553333379581
402,1.0472791068286582,1.0441455743682388
404,1.0584954043909804,1.3137793738943135
407,1.1243747084782132,0.863358236442528
408,0.5926006955172574,1.3448960344978926
409,0.6554664677678681,0.4607246649540563
410,1.1087821203020345,0.7387571798477401
411,1.033573668631739,0.7426799527586259
413,0.8095494549304055,1.114865858118829
415,1.1207930061538325,
416,0.969274856832638,1.08950254853411
417,0.9000640980719616,0.4541313719148689
418,0.6405688179902216,0.8890696585305481
419,1.1044243252414945,0.3657699680308452
420,1.0706405413296067,0.3642076948761185
421,1.0842108198810056,0.5951991292552762
422,1.0725386983847949,1.5294543905256497
423,0.7169376261654821,-0.28089331696747616
425,0.9280437144519428,1.0149548441485097
426,1.0788928803991131,1.427648913947444
428,1.032620965265565,0.4725060256896889
429,0.8083734138359602,1.5408542128894944
430,,0.14331046408177436
488,1.042085254566947,0.9167999379205352
501,0.9747287318814388,1.2064849698286568
502,1.1512389600759718,1.2214041173097978
503,1.0383988338674202,1.5263909828366071
504,1.0203716341064522,0.5279458595059269
505,0.9061678089675852,1.1809535538550673
506,,1.1515111817931751
507,1.021753128152198,1.139225481547974
509,0.782979274410847,0.4573088556413096
510,1.056063946266952,1.3522962360895618
511,1.0408799335429466,0.11325706397908605
513,0.6248594054825449,0.5931133042900655
514,1.1611044450357595,0.3693100650945318
516,0.9986811869183246,0.9437563358276632
517,,1.0317543059334071
518,0.8034150588196044,1.0864790614456754
519,1.0482408673673866,2.0614310615710627
520,1.136172845518097,1.1729238113270049
521,1.173988317883687,1.1045481722798145
522,0.8423037278756005,1.1214064043203298
523,0.8585390916139176,0.19313866820824804
524,0.9834110275199548,0.7661641344523242
525,0.956725727856928,1.4357854725259769
526,1.0726233456209158,1.4142148515463298
527,0.9402262105111368,0.8429110240145834
528,1.0989809568112467,1.5756934575090855
529,,0.29016437873046186
530,1.1175009252296688,0.8045324558636469
531,1.079054714610951,1.3831236521670618
532,1.0528534058835028,1.356732860887708
533,1.1085817356462375,1.9859464925744013
534,1.075922659710713,1.5725543839830487
536,1.4298534661655915,2.8998535521468667
537,1.2386794836233188,1.227101900806632
538,0.3680423488790763,0.2511626618880392
539,0.8673652192517183,0.6857052760812201
540,1.1743420999703171,1.4195388783796374
541,0.948134138801752,1.2322994398213258
543,0.9982753474422312,0.7577219679328085
544,1.173127802214407,1.1903893351746409
545,0.8723403025256449,1.158721330675358
546,0.8314935071668854,1.4696797515732507
547,0.9842621598842264,0.5506949846005823
548,1.0305682634755526,0.6407892529717629
550,0.9065231036943092,0.7557650208301565
551,0.9918595238910988,-0.5097811774930809
552,1.3636237733496503,2.028442200486924
553,1.0044796733166268,1.0316566962353058
554,0.9330284853830833,1.3696807506185151
555,0.8083404653626955,0.14838551094891145
557,0.7771196649058388,0.7838755290548922
558,1.0645776176830315,1.2109207718360802
559,1.1207046002773398,-0.0732825899442037
560,1.220557866165522,0.8725468050629628
561,,0.6620601010396363
562,1.114705986219226,1.5786519964783587
563,1.1708468099480462,0.8132597891966296
564,1.1514510857761722,1.0110487493251077
565,1.196572136338556,1.3006501327987259
566,0.8269235800182548,1.6024608630789068
567,1.1029306665262617,1.3728484580992608
568,0.9382585451203348,0.4911022629779462
570,0.964337555316192,0.8598695578239232
571,1.1388642367047952,2.027050394209537
572,1.2903920098360704,2.048065939032868
573,1.0844051689186032,0.7516811384005736
576,0.7448569234937754,1.140359564505775
578,0.6235087072506237,0.6548469443395267
581,1.1113725731473378,0.7144938543435526
582,1.0000784927829844,-0.6341757213190717
584,1.2084597280458182,1.9053148614144035
585,0.7955614989746784,1.04976952579742
586,0.7207769039466694,0.4383983349513009
589,0.7756986956146242,-0.2296850397123595
590,0.9530109832944936,0.5682351770071477
591,1.0042027166766714,0.4376907204670344
592,0.9382172222273087,0.9812152818353512
593,1.0588045578565657,1.5522976900281915
594,1.0597830546499916,0.028069750083358547
595,0.8565073736698574,0.137215448727215
596,1.0064903097265998,0.7146393556201284
597,0.7653891405028403,0.8168750606393049
598,0.8995474575363658,1.0298870387436574
599,0.7690960145964203,0.5058361112961525
600,1.0041451393739471,0.8853349563291433
601,0.9524634692570708,0.054997595821779766
602,1.2836706587058198,1.045686691758189
605,0.7047383642490186,0.3989447314789141
606,1.030944114637474,0.012321816396496044
607,0.958879830902492,0.6513564964600417
608,1.2821506784372918,-0.09002232062485792
609,1.2294696913804994,1.046602808709956
610,1.0182240154510511,0.5747471709210907
611,1.083962646521523,-0.4388268694485595
612,1.4441552071607455,2.1191825473926693
613,0.7295407884587876,0.2823183590287375
615,1.1407952694214751,1.0976690294296878
616,1.1738883561715845,0.6412620705939556
617,1.1966061868734714,1.4177134459717895
619,0.9918786040184204,0.481974319935747
623,1.085327419435086,-0.15726678029357916
625,1.1741119094101131,1.4394253420296397
626,0.7968621303658555,0.428534514373296
627,1.1537532330514713,0.8216974931964662
628,1.229744712201847,0.5087392965802169
629,0.2337762270406508,-0.291767327562893
630,1.415002518796434,1.5252289177536904
631,,1.4369217993461132
632,1.1607647720471164,2.3015974054688906
633,,0.9135496482925908
635,1.2998564679353386,1.8000522455860577
636,1.0997429582173377,1.306833787903096
637,1.0410066398874558,1.2029717480961946
638,,1.5747365334492538
639,,-0.15859973841798186
650,0.7228519128335462,0.7734257277801274
651,0.8993738776539663,0.9030062986268332
652,0.9714326958714984,-0.4850250496069765
655,1.3973806255451942,1.3969739320732129
656,,1.4395986333219009
657,0.8401844985005955,1.606320420662409
659,0.976945991084736,1.3077796394281378
661,0.8296925364327508,0.2067583300557947
662,0.9284258992899928,-0.23582645696301424
663,1.0647785553549105,-0.12519502733110188
665,1.0976422961225942,1.0146258975872806
666,,3.259684438111232
667,1.1213033449593526,0.927392081686488
668,1.1166439538459152,1.2066386110452179
669,0.7621829189344613,0.7005576461854586
671,1.0138031018409015,0.3634082514125656
673,0.6517830177931017,0.4960860770643674
676,1.1124250932011108,1.0613439071466513
677,1.2780166132644135,1.7503002506722454
678,1.1744655176033605,-0.2248172078631502
679,0.9908275378833729,1.5704096956062084
680,1.113784864111631,1.5150528407268908
682,1.063626144596753,0.5513267285240355
683,1.1721984566996997,1.1865109567619845
685,1.053600456308618,0.41685270695564025
686,1.2394472288483651,1.5847507912694945
687,1.0888085118978412,1.9999567802768552
690,1.013165407713164,1.442020924118106
691,,0.9206092167032474
692,0.6870188690232943,0.6033716020787415
695,0.8151221204480507,-0.4733325569300783
698,1.0896604239276884,0.8105368912876836
700,1.2287322824816331,0.6915250794742639
701,1.0316366269112731,1.4166247006542747
702,1.0718612671458163,0.6662277381911001
703,1.1888534777385744,
705,0.8651765672965126,0.5974999753054568
707,1.1966392133208166,1.5472912222463124
708,1.078925448750065,1.5657559249434283
709,1.361126256040856,1.415136882358662
710,1.1813619469711742,2.075852908975693
711,1.2708820785437127,0.4054170818429477
712,1.1930505788823909,1.8599376424302456
713,1.0020074463560371,0.7849443194509967
715,0.8317830781933098,-0.3791873376256748
716,0.8174522215956983,0.7095288431590905
717,1.1844097159495086,0.9966601133103128
718,1.2172450966276758,1.2707348288437559
720,0.7845172782705725,0.3841192057791464
721,1.0688338709262528,0.7141504511206984
722,,0.03639531390568751
723,1.2376126813910533,1.1997261372697123
725,1.1302323023573062,1.1216560172192038
726,1.0126992070976573,1.6328213321036604
727,1.2319690075066847,1.0308679852507523
728,1.0404192473502571,1.4461366896670769
729,0.6375869148076665,0.793747482987959
731,0.9381434523019984,0.12304283159079615
733,0.8862526212337705,1.5164620290921085
735,0.9713980820881678,
736,0.6445347535541658,1.4740637660030749
737,1.0613200314924034,1.084532260164996
738,0.6897134490699787,1.6444023175056932
739,0.8489964724840887,1.1452026588754962
748,1.2170542135034488,1.1501656862028369
751,0.9988491553458714,0.9945717025543921
752,1.067097592860496,0.19234932388599013
753,1.130075305017073,0.8146369602397541
755,1.3799477286953683,1.3259475902552398
756,0.8930924079441005,0.9713464585566538
758,1.4831985310901397,0.7279714341279986
759,0.8664708925295477,0.11947910728028355
760,1.220177307685012,0.7075681339414088
761,1.1298322836231711,1.1035367976642745
762,1.2651203322360511,1.974470973910583
766,0.9704729348262012,0.5414397095622775
767,1.1318399221431794,0.95871967884543
768,1.0362631860361615,0.7221829442936908
777,1.1788831767017098,0.7515365683293286
778,1.0615964391221928,0.8434592097248205
779,0.7313501720405657,0.4547648369163814
780,1.3758753399649457,2.2259756146645406
782,1.1277978270604707,1.805035240625973
783,1.276595513040948,1.4302673300790554
785,0.9524687555987194,1.1407056991270097
786,1.0791220914124506,0.17023777723244732
788,1.0144200861777093,2.5032776616833368
789,0.9889193860805406,0.14820225882545182
790,0.9653633919425034,0.1796896961445114
791,1.0909482707342917,0.4016471314458001
792,0.8352261070546599,0.5448171706697439
793,0.9122303266354441,1.272992674417987
795,1.0338706683893877,1.0984475536754088
796,1.0810529702434652,-0.22601164429234505
797,1.179319570969425,0.9408894891221802
798,1.0020898377301501,0.128491471069485
799,1.1493785165230241,0.14411289797962532
800,0.9838488476741925,0.5245083427557827
801,1.0069690699070768,2.0801653536885656
802,1.1126412594135249,1.0197943072618136
803,0.9734743511317644,-0.32419856282166365
806,1.1298926581833917,-0.1432760352616219
807,1.4126156448389018,1.5546192266061802
809,,0.6843002638549118
810,0.8388830122020466,0.8199997598581569
811,1.1288050262574956,1.6778283259916056
812,1.2314702714598822,0.3666155400233351
815,1.1003151876805073,0.7690976398408822
816,1.1053650227591567,0.8865486612317197
818,0.8966153419619629,1.3238562885234306
819,0.9646349767405441,1.2311934138255023
820,0.9356159273743576,1.4415306114747313
821,1.145666328124795,1.016541567902256
822,1.0931079545416615,0.7954787549077642
823,1.1521119923197658,1.4181664457180585
825,1.3712757891494705,1.4698466222970357
826,0.9596121678938584,1.2886745341686958
828,0.9760947293572932,1.1613663372257348
829,1.2260969399240884,1.4206245168209315
830,0.9560959523881084,0.9653763019966346
831,1.3482313620484685,1.1581497293361824
833,1.00590205355677,0.8060057982648468
835,1.3414082606029405,2.311491271695917
836,1.1596740532518672,0.3677611490974266
837,1.1455858235405594,1.7280156511620348
838,1.2904327725991696,1.5248278793028187
839,1.1843752437298112,1.3986316348261425
848,0.7526825785847634,0.6539984944169406
850,1.0988515953576674,-0.2961766905396046
851,1.0252351917602125,0.8736851978673581
852,1.0836549088813885,1.0570092617829452
856,0.7402530461621057,0.8623106541778106
858,0.8762699082763736,0.4817129842159668
859,1.2210316480094603,0.9610085872653876
860,1.1251271462161423,1.4270807452877188
861,1.1234196389833069,0.3120843530362474
862,1.2194609907506346,2.1856407755066587
868,1.3385533642424228,2.1187705503532035
869,0.5267475652404453,0.3228496965450689
875,0.9408544316637076,0.6096021119909425
876,1.0898558827072844,0.9823117843650032
877,1.0299017806070307,0.5573080797383497
878,1.4524527379011842,1.7180304392910688
880,1.1435124899353322,1.3105247431185625
881,0.9841543345299956,0.4782013572903547
882,1.0209420816188466,0.09170020160942226
883,0.795018286899382,0.7424431730498718
885,1.0382284968691615,0.3567297771064941
886,0.95662031631864,1.5164380660369905
887,0.9983625060261376,0.7408854921300719
888,0.9275477018277628,0.5097306196637034
889,0.927315904243234,0.2233418619005782
890,1.077237470162946,0.7349224839485329
892,,0.9893546689695388
893,0.8399507267337987,0.5549582876457653
895,0.5230230835880515,0.3369827927025709
897,1.009094534061799,-1.1805866270077396
898,1.1888049403193328,1.7254624651681985
899,0.9457750671270716,1.0692672233100802
900,0.8639752271420271,1.0622076974854078
901,0.8339909142256651,0.7469478531508346
902,1.0729593109948317,1.8831736368429228
903,1.2077588408796136,1.046552021542392
905,1.0941839821155712,-0.00711892378753478
906,1.0274118889998811,0.06379225764466673
908,1.4028633289797992,1.224347843789214
909,1.1387824331771566,1.2924540198647756
910,1.1012921110273115,0.7131137056243276
911,0.9835616871209376,0.7049315806575446
912,1.1122812037618095,1.1497403655843172
913,0.9732176570854332,1.6292886400196869
915,0.9360180307832237,0.6047219489040856
916,0.9142650566142204,1.2264601864279827
917,0.8214205135232983,0.2259316559585968
918,,-0.4555838320600961
919,0.9379942160408826,0.7479813596674814
920,1.0486831869156656,0.6090197757895982
921,0.6019637414985133,0.935548179104004
922,0.8044657897043945,1.0510052284359317
923,1.1730891539077055,0.09361269049984464
925,,2.206099971195385
926,1.2412540147976228,1.2033611782673637
927,1.0663904329703429,0.410720411984405
928,0.8903787730640507,0.100237809123598
929,0.9934117714362248,0.5981341130748623
930,1.0785424378738586,0.25681134484504325
931,1.1032681108769893,0.2323252285161229
932,1.1745519430272928,1.4351817505106803
933,1.461613964483231,2.4842400650632177
935,0.8671867045825429,0.3623818812708098
936,0.936008791181742,0.9265899945037523
937,1.4056978766061752,2.504141288337544
938,0.9838979477206288,0.02972613353876624
939,1.084354421840457,0.7665991343168724
948,1.068018932044899,1.8360214537321549
949,1.18791147160233,1.808422342943541
950,0.9289116640598072,0.14786686752012562
951,1.0893241765199717,1.6552852944894076
952,1.0935359548222034,0.7391040933819722
953,1.1043857711119478,0.2093136276860404
955,0.8811321225628113,0.6633693259282223
957,1.1880667154931597,2.4977510271011885
958,1.0943346274532786,0.6267374706832607
959,1.0356479090894988,0.9409244386002358
960,1.576378995581021,2.1124401741478325
961,1.0629038112358722,1.7056997222768735
962,1.231866771536297,1.5281624829896412
963,0.7746553006693657,1.086654067704529
965,0.8581590380484778,0.18900581618100185
966,1.0602318557387511,0.3852897510065332
967,1.0685973985764718,1.1341088025610444
968,1.3768037454866064,2.0721028039592357
969,1.1539065401851438,1.6219528217768018
970,1.3295582262857757,1.3542561227597942
971,0.7716825073859956,-0.03426795837449288
972,1.131151155170628,0.6433778130077593
973,1.1815063139013198,0.5079744042864364
975,0.9755937879805407,0.8322377561237926
976,1.1122600526058155,0.6993441300588188
977,0.994606154514188,0.6092065420984736
978,0.9815944804052884,0.4761504865119928
979,0.5697976130625235,-0.5674355753259072
980,1.0971246700805994,0.22757480092774696
982,0.9752405991558486,0.7569272429870835
983,1.4470119992366413,2.4837357573587595
985,0.8847648779306109,1.148020997785749
987,0.8485875198897312,0.8649664598113891
988,1.0448142922689578,1.0153921186494248
989,0.9292035922625684,0.8455598472224926
990,1.0132581550812318,1.3156188941093578
993,0.9979237949436828,0.7106198970000086
995,0.824980505662209,0.8201612810991648
996,0.949907240807066,0.4871581370257425
997,1.025462053288862,1.1547913464534407
998,0.9474340310615628,0.6493440493225392
999,0.5360092498253755,0.14198716478254406
1696,0.9730289797832314,1.1262536338999187
1896,0.9869888787818101,1.3443871850011002
2001,0.6708691193711993,1.052873442346409
2002,0.5123029550300717,1.1644090619905885
2003,0.9525656372764254,1.111600370192585
2004,0.720092035502345,0.4731867530576389
2005,1.1076794994623822,0.3828388859094184
2006,1.1495352506075205,0.29778798177154714
2007,0.42360594575887395,0.6918061955546139
2008,1.1010032567366523,1.3293536826927548
2009,1.2004701283494357,1.123481009065025
2010,1.116061247126864,1.2515495835015915
2011,0.9017859746901246,0.18425452449797147
2012,1.1908658933139251,1.6380504467410206
2013,1.2256916286479953,0.5537935120691033
2014,0.928760503214912,1.3168326407501088
2015,1.021414484385891,1.0977633699906095
2016,1.239004376298249,0.6954172409214006
2017,1.0490996701899202,1.8674460744678087
2018,1.1525104785200155,1.2894267285672938
2019,1.0923318198846443,-0.2302246049212867
2020,0.9381693933318246,0.5149610838513345
2021,1.0200855936103173,0.5900603092411146
2022,0.6829280703862628,0.5724903556342602
2023,0.9137667909787676,0.7773553139435256
2024,0.9226996862402362,0.9324705698786752
2025,1.1527483664203642,0.9649016043518156
2026,1.051004318051294,1.2785178041037104
2027,1.1130124412126607,1.1443639498948128
2028,0.7671238391811306,0.4054374277214602
2029,0.7810095957422081,0.8882507237006277
2030,0.7200840580485052,1.1477071497847509
2031,1.0514270259152538,1.496355153000061
2032,0.831073050763891,1.100868643488603
2033,0.84849148366731,0.9047374115951264
2034,0.8933096355893727,1.4290342320613576
2035,1.0884895099994365,0.3409169239592644
2036,1.063347721589837,0.4575619253087612
2037,0.8964035610149941,1.3792524439169913
2038,0.4312511384632187,1.2138376656191785
2039,0.7985192244973343,1.0364024991805427
2040,1.0801867495050068,1.2039666190701903
2041,0.8438599559928248,0.6711676634596149
2042,1.0772171848462009,1.8776619404658983
2043,1.056673254794538,-0.015294372768234862
2044,0.970882773030248,0.7793225161776263
2045,0.923032835120569,0.5046619015370409
2046,0.9910964736348082,0.4554630316109229
2047,1.1218768168926054,1.5236419561969954
2048,1.1975508003768571,0.9506938790475636
2049,1.1279098024964496,0.9758630287842882
2050,1.0437661739107944,1.1279117857816692
2051,1.0272485118770176,0.4287025824378492
2052,1.0833076361124585,1.4360247443903869
2053,1.1072380793125522,1.0519083026495015
2054,1.0474140439795796,1.5888268507074073
2055,1.0663598322820798,1.4308030508281735
2056,1.1814016853349831,1.2313882028491974
2057,0.9921554949801406,1.056328452984253
2058,0.9622543645988172,1.1594696440730954
2059,1.1142894351900392,1.530330472047995
2060,0.926779401187552,0.6921448138131059
2061,0.9649978737901308,0.6444468571536851
2062,1.0112184519047538,1.4181101247512231
2063,1.095721683237002,1.8744773671070591
2064,1.1544222319369029,1.4896822926100663
2065,0.8557039676589475,1.4970309428878985
2066,1.0293356853618376,1.632882340966217
2067,1.1089343357373478,1.7075743545083617
2068,0.8995434572730202,1.111218562991256
2069,1.0324195269924936,0.3202972054848344
2070,1.0496580136035432,0.992137363651163
2071,0.9147137559362232,-0.03696573753543464
2072,0.9257308858843296,0.3981221941401039
2073,0.9107039549984012,1.1024696025660643
2074,1.1342046402114576,1.4544318021359055
2075,0.7564101941074325,-0.20125699365745864
2076,1.0453516156700375,1.3121292854820978
2077,1.0700365875353537,0.7984187946679642
2078,1.212638544316301,1.3593039117599917
2079,1.1325457702352937,0.4888776014816793
2080,0.6276587038970414,1.479689368274688
2081,0.9304143164600572,0.34110256248023485
2082,1.2341583596880152,2.133828338320674
2083,1.3205097994344754,1.9303401963525881
2084,0.9364391457234956,1.7627922832042633
2085,0.8687264701199001,0.5500674704209547
2086,1.1634175162111593,0.8523693137105839
2087,0.8908384832865969,0.9427019959848184
2088,0.8137649668348934,0.8888768663587306
2089,1.0276660153486317,1.0449242201086064
2090,1.0643336581266136,1.2998811316633232
2091,1.140937034636142,1.8310008076393682
2092,1.2443617583603293,1.6832312567452117
2093,0.9265162741632902,0.6674813917619163
2094,1.0086663548954828,0.4930487655695701
2095,1.2001410137070525,1.3170615108528554
2096,0.8016662476417273,-0.16940819385492395
2097,1.0815119919071494,0.7327370221284699
2098,1.073158546171232,0.5519821410640149
2099,0.9699745925573404,1.5825676484347695
2100,1.0194925726870068,0.8278609656392247
2101,1.0203067779880006,-0.10958797629042873
2102,1.1125904752107818,0.6627715564202129
2103,1.0221659269319538,1.4137648520687491
2104,1.1635185569602584,1.2605152587173971
2105,1.0707684700613471,1.2162272413561412
2106,0.9221930553573932,1.4672895228277172
2107,0.8580207539810338,0.9298225986286721
2108,1.1838315499835186,2.265797162184891
2109,1.101811592885022,1.5431384302713975
2110,1.1751633116353717,1.7067071513355552
2111,0.9053754479749834,1.519582530758599
2112,1.0803830926854925,1.1515049060779021
2113,0.9210358732500596,1.01218029458043
2114,1.3620729218073384,1.9667619712009967
2115,0.8324962271817317,1.2885114268251658
2116,0.8713109713530021,0.2461882014809165
2117,1.06893545903078,2.9180990691206734
2118,0.8451049768863254,1.972854236291628
2119,1.2264459582226563,1.6747198922003261
2120,0.9666772653777704,1.0881977099537503
2121,1.1456463005628408,0.3447914022189216
2122,0.9376058076703352,1.6088539214738542
2123,0.7258396511512004,0.7223817928604394
2124,0.8299851702717991,1.2109108525799956
2125,1.1010601599324816,2.3392908638480256
2126,1.0549628936468634,1.4698843818560818
2127,0.8111314275545518,1.3839462152660573
2128,1.3972812783538495,2.00429984560698
2129,1.1460762385252217,1.4066619917075465
2130,1.2239174045545722,1.0710672090273894
2131,0.9852882357678482,1.8413861188979663
2132,1.1780603201913504,2.2491004184375436
2133,1.321736353135818,1.6177113135114705
2134,1.0085784322164446,0.25456410326728696
2135,1.0300719755202703,0.5471682835584356
2136,0.9847915587381276,1.0480328623721349
2137,1.1838097350519068,1.015268406311966
2138,1.0852906734775978,2.121753018451522
2139,1.1487398349455726,1.7614816634607375
2140,0.8172037201158857,0.03713999752520672
2141,1.0636979971605425,0.5977594088790128
2142,0.7556605152754945,1.0115143316801525
2143,0.9244096938016818,0.4986292011945196
2144,1.0452414257624996,0.9681953695877041
2145,0.8436337418988161,1.0293940361480645
2146,1.2891484973915703,1.3451634565643054
2147,1.05795064342982,1.4606832288944542
2148,0.7319568318138722,0.8946934227541834
2149,1.1881022784148856,1.9046233220087128
2150,1.063564833821132,1.3391945379179022
2151,0.7576288071004933,0.9643177944505068
2152,0.740602456780824,0.4991861094492877
2153,0.8810757651636263,0.5906141220402251
2154,0.6393546821060507,0.8409221517961025
2155,1.4102787549443123,1.2638219642810382
2156,1.115862601875922,1.8298602685004552
2157,1.1919007364066223,-0.0017400993300523413
2158,0.987501294176278,2.087520392544816
2159,0.9903397208094378,1.3851701914796208
2160,1.2981582472585198,0.814406155470047
2161,0.9767676883995404,1.2956285671357584
2162,0.93540022653838,0.4289805259651441
2163,1.268197729201033,1.2261191185768308
2164,1.0124487094446093,1.0865214700056918
2165,0.9452623544790014,1.348053843663653
2166,0.6400481514092358,0.9255277008540632
2167,0.9642191848917256,0.5918420210321572
2168,1.3295903873145172,2.092583430988697
2169,1.2399965510574422,1.4496751119417834
2170,1.2047456680434077,0.6473411147935281
2171,1.3513624661055617,1.4092628745992903
2172,1.3523226399258128,1.5251929153525263
2173,0.9473045171217448,0.5809540273528953
2174,1.0010612021152487,1.0547893106037984
2175,1.1668901430521723,0.4590280047358771
2176,1.2727120954223383,0.8762870008703002
2177,1.074493282611766,0.9403443526666692
2178,1.0443254311077177,0.8122347650290406
2179,1.0785160747321254,1.5232292533402951
2180,0.9033593864706828,0.3864919523359688
2181,1.1141337459526246,0.44315253526423626
2182,1.3143541913409054,1.684169340100106
2183,1.023539815016039,1.1237164455052502
2184,1.2266926226847277,1.2777644971384352
2185,1.1363075635931894,1.2131117070485422
2186,0.9844999673493215,1.0619346974812665
2187,0.7789575176001144,0.6926745307622263
2188,1.0523047233580352,0.936523145446038
2189,0.995306691347961,0.7150211427682951
2190,0.98027332198118,0.5478966180884182
2191,0.8828876320486748,0.2410146367327951
2192,1.059884276580835,0.6385179262425499
2193,1.0330030021929626,1.113304738948681
2194,0.928276385700105,1.6291825878391473
2195,0.9769681303844222,1.4081700293542831
2196,1.0667452664818753,1.8957287807187064
2197,1.0886970801556994,2.213424678794183
2198,0.7398807566834038,0.3552084769217624
2199,1.0285951668646978,0.8151124426962106
2200,0.782893611701168,1.7213847303234129
2201,1.0360758545169984,1.3058907394518813
2202,0.9367804968567032,0.3953324384955689
2203,1.2951152798082464,1.2840228843634596
2204,0.9613111867308968,1.7801557692259808
2205,1.0069283355806904,0.8647823289709149
2206,1.0470290379907108,1.640429331616687
2207,0.9285134950252232,0.17845075759245935
2208,1.2944538200803648,2.1835291526779845
2209,0.9773696743861924,1.6546808040522527
2210,1.1296747737656614,1.5608585786495075
2211,1.0826337149516263,0.8499431917973764
2212,1.1981701505895048,0.14850942595019986
2213,1.1589284214878883,1.2199361437206624
2214,0.7274037784184492,0.8028886880567545
2215,0.7239415729158216,0.002380566004917484
2216,0.9204024072223228,0.19899887241885167
2217,1.1166542291358583,1.9528646795545568
2218,1.2984970395716828,1.2916874297490075
2219,0.8985626745214929,1.5117354569526071
2220,0.9316377974463056,0.459929104465899
2221,1.0760354438874231,1.5955655943479008
2222,0.9603775680964636,1.0610626213441587
2223,0.9618857496041858,0.7358949762887669
2224,0.8294554049213887,0.7718326470028697
2225,1.1787314857538749,1.5356769652018332
2226,1.0021758995360563,2.12062710142938
2227,0.9423493957589468,0.5066595214769571
2228,1.1136976489132904,0.7773012373808644
2229,1.0373377430615502,1.6209156225831816
2230,0.7099876343854087,1.6496287715271132
2231,1.0651593726221544,1.4001428210432756
2232,1.0598648243453983,1.7216493777580075
2233,1.1316133240083257,0.3980105172672007
2234,0.9863482353833528,-0.29889790782199976
2235,0.982629275349403,0.4010585674897032
2236,0.7871411630222429,1.4711119955139926
2237,1.0620731043720613,1.131588470020784
2238,0.7274321109527093,0.9768639347659884
2239,1.275437489905417,0.9315259493629304
2240,1.0622817297807872,1.8783453666524608
2241,0.9048664457843946,1.0783565921342353
2242,0.7402117667690742,0.9192694363475636
2243,1.0025459058521324,0.9502171740150896
2244,0.994585551987536,1.4012286754603285
2245,1.19223224079105,1.0733506903956562
2246,1.1520632284422674,1.5737625552337915
2247,1.18457095308128,1.809323081055228
2248,1.1049083449074932,2.4533378793662126
2249,1.1036498113963211,2.0521437855027767
2250,1.1544961140827061,1.0326527975537425
2251,1.0450830872685677,1.1292952669220897
2252,0.8032902813257814,1.0471386830912792
2253,0.9718249744262322,0.4309858506063469
2254,1.0317173999261304,1.1491144890239902
2255,1.056182257438813,1.3119651795747331
2256,1.1730122404307015,1.4859987594277917
2258,0.9755627175709388,0.5319575958623661
2259,1.0676200456897895,-0.3730054811506885
2260,0.8462729662726277,0.3306945865084093
2261,0.6534355059878728,1.7611946116158606
2262,0.8205031953100639,0.8411764738579692
2263,1.0744055110401909,0.999800493586558
2264,0.8759944793709031,1.2552292884894078
2265,1.18040497644549,0.5053214093220466
2266,0.9261674279288612,1.4805319096223006
2267,1.070973500858189,2.0734070016798807
2268,0.8692299625870429,1.5176853729236663
2269,0.743174423427297,0.3967871961354919
2270,1.1268192954194405,1.7295118755030652
2271,0.995143965976396,1.0276483226175777
2272,1.0487421491478932,1.259643583010165
2273,1.0534347549542045,0.4491344194327388
2274,0.9903424386004964,1.5819691425141016
2275,,0.4694108465641707
2276,,1.5387971809271088
2277,,1.9215827793385245
2278,,1.2627806624657345
2279,,1.4304700388049314
2280,,1.5606671448664555
2281,,1.6679459221707753
2282,,1.0242469708792228
2283,,1.5491343864973766
2284,,2.086906124151691
2285,,2.244256728112769
2286,,2.5482975343986682
2287,,2.24836464472258
2288,,1.7704419348367355
2289,,2.95314145046036
2290,,1.5744111183237444
2291,,1.4094290939441811
2292,,1.2355692734748476
2293,,1.7279399049892863
2294,,0.3363001983769852
2295,,2.782842788925049
2296,,1.7098436252185174
2297,,1.3269603065518758
2298,,2.052341218304734
2299,,1.2479278312302815
2300,,1.43714987800274
2301,,0.958250646870818
2302,,1.7512221368653431
2303,,0.7015821165434111
2304,,0.4888513480472196
2305,,2.007804041002105
2306,,1.9045053721629288
2307,,1.9696374849194709
2308,,1.5509180198737722
2309,,0.7643960678816831
2310,,-0.8085983815548773
2311,,0.5954622019011545
2312,,0.7945890896121353
2313,,2.387854787356044
2314,,1.7578516086212703
2315,,0.7334329574032467
2316,,1.5214118874898142
2317,,1.0057532113016416
2318,,1.5323867526481334
2319,,2.287249276066018
2320,,2.5650721157227863
2321,,0.9925449180081276
2322,,0.5823994434994901
2323,,2.0703527168300533
2324,,2.47858727422558
2325,,1.5361720084146206
2326,,0.2535174657593296
2327,,1.3920914312917072
2328,,1.230390424579891
2329,,1.4697474976423064
2330,,2.0491433553380523
2331,,2.502280814163468
2332,,1.0546054841171308
2333,,2.301212754193991
2334,,1.533534693478241
2335,,1.01011171948894
2336,,0.5674061475591261
2337,,0.876923155816128
2338,,2.8300356664490973
2339,,1.2385968435049337
2340,,0.28316625511427884
2341,,0.9000351017914789
2342,,1.1843023667217594
2343,,1.7423543548371856
2344,,0.9189109330046392
2345,,0.7222297412698282
2346,,0.9756374149379459
2347,,2.006052864792702
2348,,1.5469877435628483
2349,,2.5227426955237435
2350,,5.795805739282789
2351,,0.9499520274851708
2352,,0.6671654996073323
2353,,-1.7639614757836397
300001,,1.2145347404832014
300002,,-0.8261431278618813
300003,,0.6417627172594447
300004,,1.3584581194234784
300005,,0.2991260343114032
300006,,1.7356968643890858
300007,,1.5252486450116118
300008,,1.2326605767417989
300009,,1.6310453259803248
300010,,1.9522274599853424
300011,,0.21545468893977773
300012,,1.185042489200384
300013,,1.6273755146991018
300014,,1.7851525950381468
300015,,1.2983822365055369
300016,,0.9609152508704848
300017,,1.4958551163786205
300018,,1.7158825939870803
300019,,1.093255902895394
300020,,0.7804579489643954
300021,,0.7386638097685818
300022,,1.6057818522988387
300023,,1.9958261337496088
300024,,1.6371231450223171
300025,,1.3744628669709609
300026,,0.7419670867996031
300027,,1.758931345651858
300028,,1.4612197013324582
300029,,1.955151891716972
300030,,1.1049466442649991
300031,,1.5495372700830914
300032,,1.269642692375858
300033,,0.6535959041145065
300034,,1.3524545490176494
300035,,0.9933770230623402
300036,,0.7123235230471485
300037,,0.7963033047108985
300038,,1.7265368221330966
300039,,-0.16490566988112532
300040,,1.075856539921874
300041,,1.1319013150401265
300042,,1.2633599784352862
300043,,0.9974842886077888
300044,,-0.12987901447224556
300045,,1.1575944444472803
300046,,0.8845529295699905
300047,,0.898164542156803
300048,,-0.5127604467379161
300049,,0.10706513892015908
300050,,-0.4794283777419149
600000,0.8655369289348276,1.2016289934693565
600004,0.7723902616833918,0.6792100795054127
600005,1.2610581440275266,1.2223710269825754
600006,1.0080350478248066,1.1433956053112264
600007,1.0158306367066912,1.2225815369793502
600008,0.9888874237270208,0.5089516006382987
600009,0.8008196610485532,1.3451805716057852
600010,0.9692434904229644,0.8962059564855597
600011,0.7751127006650358,0.9925023577950876
600012,0.6916497229000087,0.4227316934029016
600015,0.8467576595882458,0.9189034491576188
600016,0.7615509112385265,0.8812688839446883
600017,1.0577871401724042,0.7316235382296687
600018,0.9248296529536252,0.8175165291465416
600019,0.9876608136073228,1.1601197461641046
600020,0.8771377460996083,0.9459729439088599
600021,0.8387602581344424,0.8393349479279054
600026,1.378550013307367,1.8814591566020769
600027,0.8415127311188273,0.4937033651597917
600028,0.7951583885417395,1.1569622194956248
600029,1.0493395292050198,-0.035058813257480864
600030,1.0025798697079098,1.5869815622744996
600031,1.01432044861851,1.7496953455015358
600033,0.7716508958178141,0.6571136186913973
600035,0.7774506935035304,0.11293029985025813
600036,0.8070792274028806,0.6932830593168342
600037,0.9993279422493492,2.1478650363910528
600038,1.00594554388725,1.0669200827824878
600039,0.9947961971524226,0.2304634456645364
600048,0.9989710821673108,1.1429119344936032
600050,0.6721041440530464,1.2123667753351832
600051,0.9417441260377992,1.1039743858450453
600052,1.2455837846478508,1.1677945210335368
600053,1.162985850193579,1.256699848324942
600054,0.8131168550726284,0.12519280699762664
600055,1.00205389430928,0.35246594613627563
600056,0.8862751533147393,1.3508330289233874
600058,1.2195191606529114,1.2605993244592888
600059,0.9768558386793832,0.4980772172048712
600060,0.8168315255932971,0.9851847371555964
600061,1.023191584164889,0.24512316465190506
600062,0.5783225559081151,0.21569538248417489
600063,1.1998059012931463,1.4980454748386616
600064,1.1863315333681772,0.5614505965716232
600066,1.0114303111723486,1.6209905529731323
600067,1.2243719792698,1.7340350962749582
600068,0.930020042143752,0.125829810618837
600069,0.8422092147568718,0.7793583811405481
600070,1.0884719569810173,0.9070735770957041
600071,1.0109747413103038,0.9246962863591534
600072,1.123864816858323,0.961490948721364
600073,1.0187200692155018,0.9804582514487472
600074,1.056261783314481,0.4856419351448305
600075,1.2006017547609822,1.3332978551132115
600076,0.6400675713984576,0.63357239355096
600077,0.9903577238385928,0.9369618409774614
600078,1.2101017576120787,0.8073004578405762
600079,0.7728505766467625,0.3558236188837237
600080,0.7927622782992643,0.7218469474229211
600081,1.1394107910884266,1.021233495491873
600082,1.0149820840139852,-0.5892997471752777
600083,0.7931511576401036,0.8417718164762803
600084,0.6378187265911748,0.41570111185581937
600085,0.8181298356943265,-0.013804151031640649
600086,1.0191611853194746,1.0155130529162923
600087,1.2287803840570115,1.2083133556801828
600088,1.0973523705709085,-0.15955140048159766
600089,0.8664071099400227,0.5304068888237896
600090,0.9871758002627676,0.5962840290946801
600091,1.1337791522768463,1.4113067105387094
600093,1.0092507525647785,0.5638714595808786
600095,1.1312327612035658,0.24220666055846274
600096,0.9907560750635168,1.3567952117869688
600097,0.8930786577253429,0.7160681807667225
600098,0.8713870472307476,0.15377180692846268
600099,1.0960128549035164,0.7868705843725385
600100,1.1386513738538864,0.11881238984907605
600101,0.9430048242750652,1.336412809304537
600103,0.986186064328902,0.8796659556718407
600104,1.0209700322846893,0.9851003235253756
600105,0.9949235195287992,0.6571062271602528
600106,0.9518004586190292,0.7908928920548961
600107,1.0020535399102228,0.7368033224502413
600108,1.1246253545913265,-0.09568574946414107
600109,1.002360470533755,1.5546346983135764
600110,1.1203969770355802,0.9437421096752292
600111,1.2354957599899703,1.5715521710487923
600112,1.2360153619088916,0.8249599441833061
600113,0.9568438891205844,0.7168069819489973
600114,0.9513214382891692,0.8038288403698008
600115,0.8259688026715802,0.5817697797375806
600116,0.9870842326512188,0.5072825269589479
600117,1.3303408009958306,0.7041266389044081
600118,1.0078181401506143,0.43986356068457616
600119,0.9123380557843902,1.0095557871399503
600120,1.1498010307040831,0.5802628994049897
600121,1.3888760584556417,2.290349271440493
600122,1.1616544728384268,0.3925214678438827
600123,1.2817693802306562,1.826182460007281
600125,0.8814193506022491,0.3436835990325829
600126,1.0127899311270872,0.4058554896975095
600127,1.0454910883693154,0.7652299571927568
600128,0.949422909003946,0.9866174220186396
600129,1.083860646743811,-0.10972218845062806
600130,0.8501224370469871,0.7489406513816966
600131,1.1482664039800028,1.128376286841139
600132,0.8511588924718615,0.9240282452983446
600133,1.1748333301868257,0.9645737883188292
600135,1.109539893704424,1.133021856699081
600136,0.7939581572629667,1.6946790377656455
600137,0.6896771507042971,1.7314803735369375
600138,1.0998135190134082,0.7333305065643181
600139,1.1133698411007933,1.6528221707641977
600141,1.129649382451967,1.3753803872795902
600143,1.3361903997418625,1.5701244583613572
600145,1.0868505550488676,0.20728979640766704
600146,0.7990932504373343,0.15199939079623204
600148,1.0505720921674904,0.2905560839594144
600149,1.1079922499479236,1.5851248897024606
600150,1.0642035383463713,1.1036450642827662
600151,1.3513216902329823,1.3059765728847406
600152,1.1765395437598545,1.4044320748634231
600153,0.9383473340880112,0.4415876663686789
600155,0.6591954615955183,0.973350276533313
600156,1.1288016233724008,0.974557885491482
600157,1.182843141288358,2.4174198791881003
600158,1.2425929877898887,1.4221629001450964
600159,1.339836400585186,1.6918322409390123
600160,1.3273013709916954,2.0987506039711565
600161,0.6590468397460871,0.9460073485923326
600162,1.3213361230334166,0.8568490798605105
600163,0.9851255793142494,0.5532049473281211
600165,1.0894730348115162,0.4910819316791691
600166,1.0639267208972671,1.1077681587085109
600167,1.094395649249057,0.8498113187296858
600168,1.0185900890972723,0.9620294389077508
600169,1.057413765243103,1.573567834029519
600170,0.8968990735245823,1.1931221110532502
600171,1.0827172432773882,1.3125002452922303
600172,1.2135424654947642,0.8306180287239581
600173,1.1495601909418554,2.6535682704926664
600175,1.1604150607767283,1.7303416087383918
600176,0.9463950392818036,1.954708137861385
600177,1.0414112871582704,0.3388386220123865
600178,1.2680811250798962,0.678679815337192
600179,1.2308141685090737,-0.2072994993836901
600180,,1.280741886630952
600182,0.7405239788182703,0.5065638602987481
600183,0.9902828823183228,2.329052084410699
600184,1.0346913081406064,1.3601601312132887
600185,0.6478539308362693,0.3862978398945623
600186,0.9928116392133676,1.891106838985307
600187,-1.3922825596011457,0.8283440240558759
600188,1.3296464936981045,2.237894189357509
600189,0.9464085642252938,0.6127482728862121
600190,0.944505398796226,0.1303930984178099
600191,1.1931751038204292,1.0870052089135975
600192,1.172794556278104,0.9321643048557062
600193,1.3173630687338969,0.5668740364718439
600195,0.7839844427057487,0.8049697437149534
600196,0.7587038592463691,0.4380619946478798
600197,1.1933329203187593,0.5420710128320335
600198,0.9089695156030196,1.3408639814706822
600199,1.1670619624426828,0.8348511196199786
600200,1.0911904942674688,0.7065006083754297
600201,0.9918137424541854,1.0799473868563767
600202,0.9379755229540072,0.8515065570552578
600203,1.3016821711035045,
600206,1.1752066506434151,1.2434434567542758
600207,0.8861038342986638,0.9625647588757698
600208,1.1662635784034938,1.666626175435569
600209,1.0712001627050185,1.7882453637964013
600210,1.0286446481080571,1.0685098216091191
600211,0.9200835239829768,1.5996349966372845
600212,1.0551680587746104,0.27704483084082765
600213,1.0921334001319538,1.3294247765560343
600215,1.094421789462232,-0.1141268643057438
600216,0.6787337347020264,1.1638091924163874
600217,,-0.09928025130868123
600218,1.1424291567896705,0.3911355901853206
600219,1.4269285927012922,1.5521246446327952
600220,1.1510233582453089,0.7999692885724722
600221,1.151231484429772,1.8282199073779668
600222,0.9303608734143248,1.049378561322
600223,0.9071125917166364,1.3513139977171569
600225,,0.4016981154212848
600226,0.9439732507598532,0.821946681273229
600227,0.9921382114486738,0.36177069968675
600228,0.9414430047330804,1.5014456681929509
600229,1.1233189594925914,0.5735900084349994
600230,1.0178777536978878,1.0207977245479327
600231,1.3441907112499187,2.182258789333123
600232,1.1520177799482787,0.7037005715125176
600233,0.9790695169339664,1.3427441370157869
600234,0.8058996413811874,0.6282210246487857
600235,0.9253930612319312,0.8603165894154452
600236,0.7922169743722627,0.3215819384498808
600237,1.2703905807696898,1.4949068069759632
600238,0.8728197339154433,1.5684442188959524
600239,0.906939912431468,1.7674992997466676
600240,1.1703801729906202,0.5264666038084413
600241,0.7972016241682478,0.06536637704699454
600242,0.710153925523945,1.065968129049478
600243,1.0927939689883135,-0.2990431118198785
600246,1.2516008988155922,1.2554525398956118
600247,1.1118953657631518,0.803869988389245
600248,1.0331389393376575,1.653398545879479
600249,1.1476158586153329,0.1825107158032243
600250,1.035516136805308,0.6096952818515973
600251,1.093082276383691,0.289730406588436
600252,0.8415117528265029,0.19322718814650064
600253,0.7544043511135679,1.025653298764592
600255,1.2797715683091115,0.5033727415831569
600256,1.006827565400851,0.5752090337848086
600257,1.0233168740037328,1.253413653867376
600258,1.2321772846790446,1.1625812853578532
600259,0.7268367286218764,0.7835687718628216
600260,1.1756952838079462,1.4851840437300206
600261,0.9500865826322038,0.4026840387683482
600262,1.130568027097973,0.6563085562729892
600263,,1.0598919176013786
600265,1.004992705959928,0.26527148055817595
600266,1.1454354252950298,1.271769474732243
600267,0.6181545046212845,0.37931172057419626
600268,1.0096004736386144,0.8009304825811633
600269,0.880279385678023,1.2805635387361076
600270,1.0001915124379188,0.5456389428190248
600271,0.957650080897975,0.6306654179801914
600272,1.0278395294530012,1.2158402453317858
600273,1.1920535581806673,2.5756329501909123
600275,0.6498492616846182,0.005428237615913496
600276,0.3060222121453672,0.3648968067430135
600277,1.130843639655445,0.5797336376750957
600278,1.1035294556063766,0.5059267424768594
600279,0.982456037247305,1.4748402876548838
600280,0.9043952554681659,1.4407327746430376
600281,1.1754287881043783,0.9542175553725896
600282,1.2135757543759718,1.0571687204500029
600283,1.100416523217032,1.6262534412136531
600284,0.9328939580609908,1.2593909598246946
600285,0.9550738417580926,0.4347284563029122
600287,1.0427361244397342,0.3685748165782529
600288,1.1871081036086937,0.5997996243888957
600289,0.8806847609440309,0.08219359542850202
600290,1.18192023054065,1.4845728336074289
600291,1.2845397593041483,0.9646871471855782
600292,1.1688168476174037,-0.4533955750614719
600293,1.2037091471387056,1.4036549152244575
600295,1.2540910608839757,1.066319301696681
600297,1.0317384851583729,0.7361956714635178
600298,0.6943528470284722,0.10769282153058328
600299,1.2113993742245963,0.39422351592916255
600300,1.1058739406081628,1.2930135554876625
600301,0.7681562575457996,0.13298296839233945
600302,1.1305146743551262,1.5766420965500985
600303,1.2193149471993765,1.4253591478684946
600305,0.885310371386355,0.5155601329092132
600306,0.8450137236490032,0.2402301337825244
600307,1.420641378588208,2.1695277184861563
600308,1.1815868657076989,0.5108529066907115
600309,1.1170517714644852,0.8950305158847085
600310,0.865914336495492,0.29383638487939623
600311,1.158481138665429,1.409065979553195
600312,0.7170653624682309,0.1808170469660089
600313,0.7653868134895719,0.4506796985838349
600315,0.46554984192750104,1.1596384397792117
600316,0.7967512029985927,0.3207686358354009
600317,0.8159688709959838,0.8528204267873853
600318,1.0277545126884065,0.9909250260975768
600319,1.1413262851098982,0.7020231491052618
600320,0.9658490276752532,1.1288623223723546
600321,1.0593030525239897,0.5114066673151652
600322,1.1031295786954898,-0.7837689881988352
600323,0.9209135003824078,1.4571193541937424
600325,1.0800735580698162,1.302284241520682
600326,1.2718370513774877,2.294884014893288
600327,1.0858924380359691,0.7012215560750507
600328,1.1942308221485591,1.55195944282863
600329,0.7764476575683916,-0.03325143617591639
600330,1.1615486945882814,0.35004158646341593
600331,1.5658000038741058,1.772556754016885
600332,0.894698689402577,0.3585260727048398
600333,0.988522034676354,1.9823161779486238
600335,0.9528598454165388,-0.1095425385062122
600336,1.187312757343029,0.5073534742613347
600337,1.1175983892220138,0.6136530927372408
600338,0.5585355387416938,-0.13633422888171912
600339,1.0419463022940834,1.1844654534977284
600340,0.6857497243205193,0.771424367694534
600343,1.109670784582136,1.065271865197832
600345,1.1494762662600897,1.5156063611836532
600346,1.1135636708003187,-0.04454826042743162
600348,1.4214228006951952,2.244019130132952
600350,0.7445496371755124,0.8700859433557298
600351,0.99978515412563,0.2894109765865467
600352,1.0969739878358091,0.9266832249895544
600353,1.0722144505631397,1.0142445129357658
600354,0.9985987576167932,0.5778418760878555
600355,0.9776845159054206,-0.1831330333639487
600356,0.9325701784460332,0.92609029838901
600358,1.1464677506779393,1.8314725351461285
600359,1.0177550359548864,-0.5667391548452141
600360,1.2815592105082585,2.1056464437995257
600361,1.110339108795265,0.6104075747125816
600362,1.4568531933165096,1.6454815588973606
600363,1.2262599023148546,1.548523736986262
600365,1.1508497346924509,1.1691881633417474
600366,1.0406429560604975,0.6295225956810935
600367,1.2669181888237906,0.4126343774256203
600368,1.1534852656503638,-0.3275432674743564
600369,1.1388124606170886,1.3873277679974367
600370,1.175381700372279,1.1697412134899905
600371,0.9936215087224366,0.2362733194629097
600373,0.8305747670030375,0.6933489280704815
600375,1.026887179806096,0.9762112238642362
600376,1.0796460098959422,1.9177509127367047
600377,0.6930359057849453,0.8503511886884099
600378,0.9716282301021216,1.6859320279750556
600379,1.0701484060722035,1.9871746732863425
600380,0.9722227352807608,0.7847552628234034
600381,0.9385722485953424,0.8659366537135965
600382,1.3682940448805383,1.2604639740063883
600383,1.2252341127256103,1.2326945943444962
600385,0.8400437440462672,0.6421614064341099
600386,0.8917989783776242,1.5462138290838836
600387,1.101026014316898,1.188274703178931
600388,0.9749484304598046,0.5386767647550221
600389,0.8051311110550893,0.8101469120625423
600390,1.310557869431793,1.5339281376331568
600391,1.00252997727737,-0.08381053948558567
600392,1.138868094679609,2.0984329149367364
600393,1.235364055382962,1.1540821490083577
600395,1.354670735728994,2.4213014868486002
600396,1.0553093007905316,0.8717097369268927
600397,1.3357342710225264,2.0780606650880995
600398,0.9780412698384016,0.4326601640825935
600399,1.1455281669775348,1.603309996451585
600400,1.1780035414852144,0.9021439890551688
600403,0.950127550837256,-0.8708144092790915
600405,1.0145716214538754,1.0679052699655045
600406,0.6211570864630588,1.0301078093246907
600408,1.4751759454195397,1.7637908458440328
600409,1.2897083627769912,1.7566167095572471
600410,0.965242581098018,1.3704813709041102
600415,0.5403223959373029,0.8008648297206421
600416,1.0474996681912807,0.7556610447959828
600418,0.9777747917583016,0.6438257333653729
600419,0.7252667275470126,1.1155767128460756
600420,0.9257074180171936,0.6953375363049235
600421,0.6810868936488228,0.4655047763723421
600422,0.7790405298197702,-0.0025773938505332106
600423,0.9771710169039859,1.4472743774743515
600425,1.1261190363595863,1.4614928555708668
600426,1.0854709753909295,1.3748941292060899
600428,1.4134163391004881,1.6461452246415422
600429,1.028564034508166,1.5011888511621878
600432,1.4898649324989257,1.5161204218224138
600433,0.9780155349017852,0.2861906994166897
600435,1.0029598388649568,0.8787938218886082
600436,0.569104887750725,0.32073689574081776
600438,1.204026282128138,0.7259909771864399
600439,1.0650090615616188,1.9387491272631885
600444,0.7237755449234302,1.051587473415578
600446,1.1000285990697691,0.8680051061203137
600448,1.0656396630015614,1.1566536134018972
600449,0.969788296467592,1.3609864286327416
600452,0.7789732674977139,0.6699769360528527
600455,1.067412699378437,0.5982656978814469
600456,1.390402970647212,1.3369860694662958
600458,0.9181159377896236,0.4897087660962107
600459,1.3653318954970834,1.2235518124359406
600460,1.1567708760650055,0.8222850741490579
600461,1.017478855607013,0.2515702775720932
600462,0.7090430721087994,-0.007173353033537154
600463,1.185592248951493,0.6348211768249097
600466,0.8984090153752875,1.0666476198074095
600467,1.0829366397035052,0.4867995847968718
600468,1.119189524099782,0.4963239221081349
600469,1.0092057310170377,0.6564164128245062
600470,1.0910142099529794,0.8218790835719778
600475,0.8652599217804828,0.3158627034352325
600476,1.0337920146394706,1.4542978194636516
600477,1.1338792321020223,0.9394784532626822
600478,1.3500321236171926,1.5712466483791712
600479,0.3736534548729599,0.2236965130382038
600480,1.135674420257731,1.5537706434121532
600481,1.1843596934805,1.152565909510487
600482,1.4243023294431727,1.3743281901742002
600483,0.757248735853476,0.30298123305424385
600485,0.8979619703222756,1.5516632420083782
600486,0.7113687958821613,1.4485097396413786
600487,0.9590615327861888,0.5530151068061148
600488,0.8797902658467649,0.04339355115692936
600489,0.931470058819312,1.1144295746460282
600490,0.8552331436440781,1.1847136437374233
600491,1.049557852090956,1.945475258921932
600493,0.9913663151358076,0.1860599121753856
600495,0.8864150917461604,0.9754729964835622
600496,0.945391367118086,0.7791574072347008
600497,1.4016145338659665,2.0722315057998717
600498,0.8596749319074459,1.453606096985115
600499,0.9144477410662488,1.0371723679543858
600500,1.1247971320941708,1.2625985065247425
600501,0.9925528969312992,1.2379898685001387
600502,1.1818561682070974,2.1152753439313257
600503,1.101139606825642,1.266274680227658
600505,1.0304103395750412,1.5610235913117234
600506,0.7099268301653745,0.1524365758346008
600507,0.955459723477498,0.7487833216921422
600508,1.354081519273184,2.0088412851887663
600509,1.1262557132549382,2.116421803761474
600510,0.9762297018010828,0.4351018456288482
600511,0.6268474195953613,0.5434953199228696
600512,1.0120153689667892,-0.1993808938183068
600513,0.8544627449161069,0.6401350389149078
600515,0.7712579992119405,0.5775688080397842
600516,1.2093888588821602,1.443403631732051
600517,0.8934226641901717,1.2209319206287788
600518,0.7901492344811052,0.35974557728635903
600519,0.5788863000418175,-0.011759806967894026
600520,1.138150103746538,1.476675425033327
600521,0.6898995154945258,0.224125086016432
600522,0.9230990082253008,1.0475996307233089
600523,1.0562712003176031,-0.18386329945528795
600525,0.9362323509641559,1.836333676476672
600526,1.0763456255026629,0.7323632861258428
600527,0.9371127867010758,0.9352316610599604
600528,1.1093874370545884,1.6497388505634525
600529,0.8833674522315076,0.5688786586048783
600530,1.028403746705017,1.075919798311265
600531,1.386611234172059,1.4653000894478967
600532,0.8983965164933999,0.4887759575828245
600533,1.2435408985392022,0.8880306258149584
600535,0.6504008462441957,0.3672899462513823
600536,1.0289597068292653,0.8300133807812016
600537,0.8534004048058068,1.7092059688173151
600538,1.0480441541370358,-0.3271738302511954
600539,1.028069355625602,0.4561286773217092
600540,1.1515968589199637,0.3176844006757793
600543,1.1549347135473536,0.8748092199374589
600545,1.0863743340785752,0.7738160149192632
600546,1.277504003356142,2.0876886382154374
600547,0.9936831149510736,1.1046769052967225
600548,0.8626685958870619,0.6037182140699691
600549,1.275249807631028,1.2684951264249171
600550,0.9553033001188264,0.7579459733823865
600551,0.9840811583090344,0.8336329921992376
600552,1.2186618353554226,2.4415147346859105
600553,1.2583134263522004,0.5534482625087633
600555,1.1955970496780113,1.2297537711883575
600557,0.5713377809933146,0.32716131408005644
600558,0.9147084617273438,0.8257078723641729
600559,0.9451060166746666,-0.4372848087455895
600560,1.0146954557174614,0.6693229472482947
600561,1.049798799660255,0.7100024132947662
600562,1.0264115385929486,0.05586279520790058
600563,1.0292751587836255,0.5123499349571834
600565,1.2386938393849227,0.049648705159640164
600566,1.0619417817773704,0.6923412624594747
600567,0.968226781648242,1.1243287194530622
600568,0.8113003542147926,1.1075864585393067
600569,1.0933123965811649,1.2149184846411694
600570,0.7820863625225579,1.185579668363007
600571,1.0676641081968088,0.7697144042106242
600572,0.9010692804553232,0.13353160529556715
600573,1.0153843691812816,0.1996262591458284
600575,1.1618545107166889,1.3634960596396373
600576,1.072082746342404,1.3137679110035665
600577,1.0927989995306722,0.4323800236176767
600578,1.1270839173656355,1.1124047324359596
600579,0.5705781510804828,0.4977722083850173
600580,0.8910495374586975,2.0132695785376216
600581,1.4005069410411335,1.318345472452983
600582,0.8254737336921147,1.1007469980536544
600583,0.8552522399173511,0.28476990376935685
600584,1.074286655151372,1.7638721316052273
600585,0.9606018529753864,0.9494788495678884
600586,1.147985667538606,1.0791321473285056
600587,0.6819719312140463,0.3725846986276119
600588,0.6883646527848639,0.7689154110121446
600589,1.1324545032461637,0.8397368691351412
600590,1.1245982721690602,0.8446124045551223
600592,1.104937425183768,1.9845602094353616
600593,0.9898820282698388,0.2608496325353758
600594,0.7214993679010752,-0.29913751235767205
600595,1.3980090470711428,2.3220001520713445
600596,0.7900327842162931,1.69317824754904
600597,1.0195837878710243,0.15349032119796088
600598,0.9546126170333024,0.4806634741232187
600599,0.6447253872906117,-1.5402681792414432
600600,0.5803095468981235,0.7567225119480159
600601,1.025219005386725,0.8325294115306981
600602,,0.66230424312054
600603,0.6102663348224933,0.5558195192432739
600604,0.6083755133710846,-0.33633484046284523
600605,1.1829026224693449,1.3965158753064666
600606,1.0595200418837605,1.2173880604344052
600608,0.7119790082659315,0.467815221981396
600609,0.953320228922052,0.9905310071640976
600610,0.7171239486239305,-0.4895279045511775
600611,0.928988895507574,0.6514903269038219
600612,0.8780233473913268,1.2913816450446265
600613,1.1862955026544144,1.545036964413833
600614,1.2888708259064483,1.1160679438715762
600615,1.035445262299774,1.3957349031507358
600616,0.9385612065630762,1.2318107631212931
600617,0.9243434209524084,0.6427653284622572
600618,1.077573768247447,1.2014124885119386
600619,1.0890945891650121,1.3468324835401997
600620,0.9317091375151664,0.2924615225166042
600621,0.9515602635770101,0.7907730299115838
600622,1.143451245903942,1.0162864337786195
600623,0.7127015102490633,0.3982222588874932
600624,1.0380815814268525,1.049464698250328
600626,1.0273356627817245,0.8658159018280143
600628,0.8813720361471009,0.8652427565276612
600629,0.9017450956425614,1.173329900177265
600630,1.0722375027133877,1.0548439571832011
600631,0.9238457388652236,1.1543864201901757
600633,0.7982939231072368,1.3853798036950027
600634,1.0546141016839117,1.2079387908588612
600635,1.0704291062834437,1.2952739319145596
600636,1.0856921388264986,1.583638352641991
600637,,0.5963833316139058
600638,0.9678959850223472,0.8314185952112689
600639,1.0471462440579045,1.2756704528990075
600640,1.0133933375765325,1.7524449994541986
600641,1.1786808841512355,1.2779698773186574
600642,0.925229271922729,0.8414783588707271
600643,1.1591501939161994,0.8566832216609589
600644,1.2689061603315654,1.1813804974000377
600645,0.7585357655939915,0.5599968008641546
600647,0.8587839476643292,0.3219320810411346
600648,0.9333801479625392,1.3684763946550182
600649,0.9557016743943252,1.2165673282859166
600650,0.9719541978855868,0.9199183051314233
600651,1.0497946967092242,0.6396621973898746
600652,1.1768301947915638,0.2861211583730462
600653,0.9825751346214188,0.5494117115998305
600654,1.1649702206634536,0.5589937371042099
600655,1.0133535763793136,0.7157614057963203
600656,0.6272348632630376,0.6241847778663769
600657,1.0875296060329998,1.7581887172924382
600658,1.026601904168063,0.9778040113557538
600660,1.1411811600022768,1.32832553984631
600661,1.1100076404288732,0.6960257466821385
600662,0.9236687610851178,0.3349170277283565
600663,0.9451731927361338,1.046999942235633
600664,0.6322907284507424,0.7868905283793277
600665,1.2050613933377698,0.8465433610001759
600666,1.0031526602067788,0.2606888472478263
600667,1.180399671022541,1.5300217330536448
600668,1.0637319222883082,0.39740794556262976
600671,0.8369797549605141,0.8203047885024509
600673,1.3597154651198478,1.0247297288169166
600674,1.0656601792766858,0.919470552244257
600675,1.22483140103884,1.2820296901140935
600676,1.0140067322618669,0.664960566499224
600677,1.2063864626477487,0.9669474669397756
600678,0.7724484249995847,-0.0842045133438298
600679,1.0533234342300508,0.4247224865734949
600680,1.0141351103183829,1.173293574646437
600682,0.9010321428462444,0.8024002429726307
600683,1.1199910175895944,0.9206295323642774
600684,1.1113551374563342,0.8672472865715115
600685,1.231445636352821,1.3409787160489424
600686,0.9252139531884253,1.1984637629467234
600687,1.0914432324991052,-0.4240785241608024
600688,0.6357551812393444,0.9439624636077332
600689,1.082173047838639,1.0327740456019658
600690,0.9244445391622704,0.8913077321812022
600691,,1.1330206375552485
600692,1.0659522550353169,1.2586777795098785
600693,0.931824231983994,1.0385679911372017
600694,0.7045612555709199,1.2083924895353766
600695,1.113051410723231,-0.01393906222151678
600696,1.3102973161255531,0.0657693874239468
600697,0.7762079299004104,0.3142184388908473
600698,0.8102621236921806,0.6868189938943581
600699,0.6796986967739422,0.5241628230634978
600701,0.8277380219425792,0.5366028394216009
600702,0.8970453037730087,1.0744097193382434
600703,1.0052475536513137,1.075133921495264
600704,1.0188677235260917,1.0033943589327181
600706,0.495246073700841,0.5813379666131645
600707,1.1811397950941138,1.8278697828810768
600708,0.9985746987098616,0.6095172605575201
600710,1.0783754244014598,0.4656631220828997
600711,0.7832904011809105,0.44425679652274375
600712,0.9490761559496552,0.2711275854354269
600713,1.0295072702520642,0.5838930972049418
600714,0.8651771120454098,0.622799766380563
600715,0.7814245213529163,0.9276514310907912
600716,0.7090163990807918,0.2373227684782297
600717,0.9438191806099648,0.5263237887024063
600718,0.9860901722139008,0.7542603820073844
600719,1.0567179434192628,0.8619590377465784
600720,1.1635936310788342,0.8962519130779977
600721,0.8412638003087962,1.0051437824578977
600722,0.7760209502638221,0.4559198282777538
600723,1.2193632646917771,1.1050886062481131
600724,0.9235177524595606,1.3032366815261711
600725,1.1178415655432763,1.9368997335643072
600726,0.9667609904847704,-0.3561752920637209
600727,0.8112592154149767,0.9841327890613668
600729,0.7099317050535574,0.7646051288562031
600730,1.159548514256636,1.1466810603487805
600731,1.0049043173252152,0.044611793862971434
600732,0.986570603564242,0.5233159730254788
600733,0.8800946493873099,0.9741885413585284
600734,0.926809506374322,
600735,0.8118633777339715,-0.09261038181863952
600736,1.2357853540004853,0.6990524559290694
600737,1.1162170770407511,0.5029124922185771
600738,0.9808982920222432,1.1210338989410744
600739,1.158387583531792,0.4520496501064898
600740,1.4534115247279529,1.8334780543001925
600741,0.9855092876420908,1.4329818760786783
600742,1.0249176079547926,1.0146283781913858
600743,1.1282813337248516,0.8589818441515841
600744,0.8833632973022357,0.6374508113073265
600745,0.9827303932731062,1.1540271494815633
600746,0.9453887697693408,0.5619056162529024
600747,1.1121745989929437,-0.1896952939359714
600748,1.1714448397576076,1.5442481474876817
600749,0.9528852785969594,0.9888096421900144
600750,0.7832269219026582,0.7031908478735895
600751,0.5722143528373509,0.28422885614648025
600753,0.9998896153012176,1.0970836160234794
600754,0.9469399874385352,0.2056265998353569
600755,0.9976252343525858,0.6425635012285249
600756,0.913687297636937,0.8234030430012222
600757,0.4664210048168742,0.8473197866891138
600758,1.256879239494665,1.174206733451837
600759,1.1632253265419452,1.8611817641243649
600760,1.038831876705889,1.3866228276411363
600761,1.1061300794987257,1.4440823306961774
600763,1.0454312211660892,1.4230725190899434
600764,0.9936942337032236,1.4600963576171508
600765,1.0642545859343342,1.6389104625183402
600766,1.1997029926220557,1.4276368779390234
600767,1.195788524951543,0.6925357865383036
600768,1.1751907485267947,1.1425755024431568
600769,1.1312892001244763,0.4608061177842408
600770,1.1732153641625869,1.248516292715418
600771,0.6172270734657526,0.7949432022915442
600773,0.7949350906641494,1.0203913070379529
600774,1.0261309153402711,0.5889583335286459
600775,1.000401283281844,1.17273123685982
600776,1.0860415128384642,0.9438220705048086
600777,1.199794286855982,0.7416782539177975
600778,1.0740337190027387,0.6504194911997903
600779,1.0392183865912756,0.191015504134452
600780,1.187535341413876,1.3906013886179855
600781,1.0257682511560189,1.6561113506542442
600782,1.1321131082805933,1.1258326585249037
600783,0.9584056832889416,1.0751492512168697
600784,1.1356748233385492,1.257618715832039
600785,0.7792757560485699,-0.19114690207854346
600787,1.0743526014109568,0.7145090423027771
600789,0.822433145978178,0.6903582203455123
600790,1.0063037549048808,1.2625301723541955
600791,1.2388671246183758,1.5114442726774486
600792,0.8262668141983458,0.4841056120786816
600793,0.6124641842118312,1.076178702812359
600794,0.9909722920401453,1.5628298420298985
600795,0.7551281587086488,1.3555216690299496
600796,0.9235181449347428,1.2191369251017543
600797,1.0670193552379363,1.1847854342844153
600798,0.9840001718214286,0.5340000174224918
600800,1.1594124947691902,0.3391010779052022
600801,1.0178312935547391,0.6671443811919711
600802,1.0725263525516682,0.2629100407881978
600803,1.079863867192151,1.4370689457476478
600804,1.0686067988680843,1.127728438746349
600805,1.0348838455794622,1.9218420505152565
600806,1.006414473260376,1.5140179082335747
600807,1.0591530610524058,2.155377845840005
600808,1.10003260780134,1.1529404238994752
600809,0.8483212389067105,0.3441983657137705
600810,1.201539575170954,1.6037237178292774
600811,1.071181320193611,0.6057486518658858
600812,0.771400616980785,0.4714856402534324
600814,0.8757778551439066,0.7194509413062116
600815,1.1305683369526105,0.9266342593375104
600816,0.9754274872242238,1.6493520252474672
600817,0.8551000827926084,
600818,1.0093584034915968,1.3572708468955057
600819,1.0112877345605369,0.5302599531855279
600820,0.9556258519142844,1.4875487360196635
600821,1.0324612214640971,-0.6969768713845576
600822,0.9466670611630588,1.0740071190490288
600823,1.106319966219407,0.9269001838562068
600824,0.9403413979657652,1.009427240945354
600825,0.979295823941022,0.7598378167686007
600826,1.006653343999354,1.1800200798015386
600827,1.0000022481361088,0.3682101838980229
600828,0.8138618647940621,0.22416927737300527
600829,0.7027149294654527,0.4382361208168119
600830,0.9868734060095596,-0.3237283076648826
600831,1.0865808362692513,0.3763791299241088
600832,0.933473039196048,0.8912963354185486
600833,0.8788276732049759,0.3653681977813489
600834,0.9043848683448028,1.1844698279432844
600835,0.9698977210433488,1.2424666848152175
600836,0.9624592699287072,1.5472282609207215
600837,1.0749645472149147,1.238212507881415
600838,1.0369304627316809,1.0689842064118362
600839,0.8255693527985897,0.4356485795607749
600841,1.0308431914532288,1.2641796427133454
600843,1.046979144590006,0.8626762572402705
600844,0.8256322649407007,0.051669753909324614
600845,0.7536387812209625,1.1662447657513266
600846,1.0445218385239323,0.9876978412802038
600847,0.5928949657035925,0.5985846364965427
600848,0.995092870000935,0.7636435876117385
600850,0.9995142205163448,1.1930308997521308
600851,1.1564523037505832,1.2300132446548937
600853,1.0916167970173871,0.20508446279324466
600854,,0.9496202368091125
600855,1.201108780883604,1.1549284821601673
600856,1.1839169408174852,1.0927280089320233
600857,0.8462476423868953,0.6421143689467719
600858,0.6768797215217615,0.5410482806087011
600859,0.6702037515893257,0.07944473566305654
600860,0.9083420897963864,1.6728222728265727
600861,1.1004671902942311,-0.05240901401596433
600862,1.064311128066476,1.2586909608555141
600863,1.04595173792841,0.8157553597889763
600864,1.0837343926950087,1.0658025832860252
600865,0.9243673832615752,1.1253466021077947
600866,1.0114743893368043,0.886777465192222
600867,0.9336111088732021,0.3918767812489782
600868,0.8726512848417652,1.1504217553781144
600869,0.8873393536788609,1.0365537448221485
600871,0.7372111265620117,0.8276137386604607
600872,1.3274716517241385,0.850430192915267
600873,0.9728158539454782,1.7930170836342303
600874,1.026388482614328,0.441467326840165
600875,0.7983426020638926,0.4094112776865535
600876,0.7039299033539221,1.5056595328150342
600877,1.0566558785745448,0.09231288588269504
600879,1.0400118745759273,0.6713652753402556
600880,0.7369286879322426,0.9041062960740036
600881,1.1849382819643188,0.6997736948592834
600882,0.8825352680961882,0.8510705783509077
600883,1.1396333685130688,0.8027394786364739
600884,1.2578132251751135,0.4635364063923952
600885,1.3095777317251014,1.6865143519917831
600886,0.8248585064461338,0.761050400640245
600887,0.616636412228084,0.6874464923446237
600888,1.327499576627141,2.292021267953168
600889,1.0692717896212809,1.1189191321494714
600890,0.492467268273416,0.7436075111882159
600891,0.7226841355101498,0.7389285842910228
600892,0.488819310087025,0.8340065235427141
600893,1.017851842232837,0.8084762018628382
600894,1.1411907585107213,1.2813706366588289
600895,1.0475702521499448,1.1605121106083234
600896,1.254395463651044,1.5415776447193
600897,0.8192730508859942,0.534320279342274
600898,0.8845834662287647,-0.3591661299019818
600900,,0.3937931682421638
600960,1.1211740427864636,1.546705894646793
600961,1.3570495136167011,1.8917282011519407
600962,1.1422382524489785,-0.06099212540238544
600963,1.1459457028980844,-0.00674210992928459
600965,1.0856699463827746,0.5025828132089059
600966,1.129042159168142,0.9297521712631024
600967,1.0466987496464268,0.08966803931861934
600969,0.9969200484975312,0.7556573709967435
600970,0.6752602991031424,0.8639086909832029
600971,1.4127630911833038,2.260868953657345
600973,1.0972332091313295,1.1834417163583597
600975,1.1549563972978787,0.7915678527891821
600976,1.03578437778038,0.4208231764372765
600978,1.1528753507471654,1.2009940389887557
600979,0.9038559987284156,0.7710362856095843
600980,0.8758437283060991,1.3454657750582593
600981,1.0076130327515893,0.9308823812354976
600982,1.0735459352210204,1.5354651604215197
600983,1.0006566440631652,1.0419060967175848
600984,0.6978426391251247,1.0771951570582614
600985,1.0323516686755885,0.6862459027797364
600986,1.133438349347423,1.9176319728287703
600987,1.0136519124615355,1.0790436736730844
600988,,0.5268482338750883
600990,0.8341848655547631,-0.12207419797958086
600991,1.1080333078203148,1.4768364361913118
600992,1.0518946916640324,0.8725946017568469
600993,0.8027995139673957,0.24417535504040505
600995,0.9472447157108012,1.0016839791029597
600997,1.4896851636533008,1.9388692389216384
600999,,0.686107645788785
601001,1.4122167634811569,2.325397165009163
601002,1.1320977916185249,0.17597323151398825
601003,1.255815788029235,0.6677040293848295
601005,1.092478255679148,0.958845548009372
601006,0.7924546808111212,1.123599974929255
601007,1.0204231594320614,0.5860215950754549
601008,1.06745608512604,0.8735450616180302
601009,0.7992821151580108,0.9403960910608964
601088,1.209922249665249,1.4406175259734195
601099,1.0081579159383436,1.4426563014550484
601107,,0.9009345467505736
601111,1.2530345619045564,0.5454334281876192
601117,,0.40269133296570775
601139,,2.1888076813751622
601166,0.8627618490282488,1.006684335881418
601168,1.4822805195808697,1.3593484250290242
601169,0.7640182866677678,1.093812282485576
601179,,1.1701564424671995
601186,0.6448473093574507,0.5816433672308772
601268,,0.7962492005647959
601299,,0.5793383545401436
601318,0.8832534228829274,0.8494709139859049
601328,0.7251509326666745,0.8025863711337091
601333,0.7746239619848663,0.7091105808637039
601390,0.7261850141863213,0.7720017865991591
601398,0.5720281817617101,0.6480321779386109
601588,1.2442013224312514,0.7713624115103259
601600,1.2942553079080072,1.3476449813089169
601601,0.9869695565972464,0.916078033329953
601618,,0.6112324680759393
601628,0.8347291270065307,1.019933180676441
601666,1.3879837784932882,2.1891552102369625
601668,,0.6314935049962108
601699,1.3824537765005938,2.2933892999959724
601727,1.0039142694406284,0.9309319386138236
601766,0.6949864652958248,0.14404846116917053
601788,,0.8711929827688341
601801,,-0.009557315375332984
601808,0.9678101430390504,0.9630713792412556
601857,0.6727628205770544,0.7649874412191406
601866,1.0698496275483471,1.3422280577020116
601872,1.036599023053162,1.0780331742268798
601877,,1.4195283177495115
601888,,1.0125174670541883
601898,1.309700566477419,1.6583649940010488
601899,1.0881867601247892,0.7849714196232451
601918,1.4121636381133933,2.236388908986456
601919,1.3567516909075712,1.3726834379579211
601939,0.6102321584306134,0.8417489397139399
601958,1.4508031753797146,1.7375667602529736
601988,0.5848083992664732,0.5561801076606709
601989,,1.1310599130637329
601991,0.9284507989750472,0.8285547224652186
601998,0.703052006046371,1.7829100309064694
601999,1.209122379651626,0.5761770088754065
